function_id,correct_pass_rate,reliable_defect_detection_rate,false_positive_rate,contaminated_bug_failure_rate,real_suite_count
F01,0.400000,0.400000,0.600000,0.600000,5
F02,0.600000,0.600000,0.400000,0.400000,5
F03,0.000000,0.000000,1.000000,1.000000,5
F04,0.500000,0.500000,0.500000,0.500000,4
F05,0.800000,0.800000,0.200000,0.200000,5
F06,0.200000,0.200000,0.800000,0.800000,5
